chunk_size,chunk_overlap,top_k,recontextualize,include_title_in_content,run_id,mean_precision,mean_recall,mean_ndcg,mean_relevant_retrieved,mean_rougeL_f1,mean_relevancy_score,mean_faithfulness_score,std_rougeL_f1,std_relevancy_score,std_faithfulness_score,vectorstore_count,num_questions
500,100,10,False,False,7daa252f1376471ea7504240f7cf0072,0.125,0.43333333333333335,0.6843125386140305,1.25,0.20711648292903262,0.8469157442450523,0.5955905388471178,0.08375443928862346,0.03631310147396834,0.2287327444613932,177,4
1000,200,10,False,False,21cf826fbc734d7681829bdbdfb56add,0.1,0.43333333333333335,0.7654015779112127,1.0,0.1884591814485222,0.8618334233760834,0.7791666666666667,0.07634113120433049,0.035912666729206705,0.09601432184835759,84,4
1500,300,10,False,False,c76da15396884b878e7264df08ddb970,0.1,0.5166666666666667,0.625,1.0,0.2180810385010809,0.8469075262546539,0.46428571428571425,0.08887022593883934,0.042244241771481984,0.35892412932574613,55,4
